id,1942,1943,1944,1945,1946,1947,1948,1949,1950,1951,1952,1953,1954,1955,1956,1957,1958,1959,1960,1961,1962,1963,1964,1965,1966,1967,1968,1969
HOUSEHOLD_1_110_CA_1_evaluation,9.259668781653138,8.526834131025682,8.632617724685653,8.659390871525664,9.945146879959118,15.52807630652214,14.260102093403423,12.724204138930931,10.184780817023963,13.316638945433493,12.276619312159596,12.33225908752243,14.984502826964802,15.993889641517894,11.308245584750459,9.90701732378774,9.845341653822098,11.073055796448694,12.419029682418307,15.19887811333955,18.331533136662344,10.14675742059411,8.997402721917204,8.52670539979336,8.873155298202482,10.918680952545786,10.214831460827607,9.879682499913784
HOUSEHOLD_1_110_CA_2_evaluation,7.733315837885402,7.176630969388873,8.185195985429635,7.837315059117247,8.125513852904172,12.954497406071555,11.664534210220861,10.421811200501478,7.690188332059998,7.683080614264443,9.610456985106904,8.683138775222714,14.229683937187108,14.239150342996362,9.243289702045553,7.7876330320806195,7.530625726163825,9.498448593562342,10.200797710272052,14.328499840972935,13.949326723848928,8.936300996655527,7.247783898475571,8.823434432219578,9.101101205362367,12.2910046123565,12.320017309879871,10.026377519164194
HOUSEHOLD_1_110_CA_3_evaluation,21.927335873001564,18.46415612027239,15.359362732713395,17.828508327920243,18.359319541763796,21.013599788461004,25.074178131861277,23.295846045544273,18.551579800645012,19.641134625290317,19.994484241032843,26.087657752453758,27.082978927551725,28.959576738909625,24.44768614796235,20.3489163394127,19.391371032031156,18.573129092032012,18.775256466361345,27.054918825930883,30.96433834577997,20.320963095598724,16.41564262180014,20.05149646174116,18.1825782938843,18.237456665891468,22.391017580776026,20.153939977223633
HOUSEHOLD_1_110_CA_4_evaluation,5.458438700396728,5.625507763161045,5.464509629171771,4.9818792375926515,5.413413628756432,6.306767611163633,7.153681800172377,7.298392679563626,5.355205999884885,7.726616747877144,7.337448157865922,6.526448269451976,6.785687192197218,8.892184189819746,7.686827151005862,6.365604336942798,7.462407325982337,6.344573693429849,6.29449036139725,7.909829559534457,8.098427871193415,6.536085953890791,5.654653489900671,6.8688284947570315,7.354072750016675,6.247927173606981,6.850820944167222,5.420740046482215
HOUSEHOLD_1_110_TX_1_evaluation,14.590701831748564,11.789103516438642,13.078563842212231,12.015525479921047,14.187392748687897,16.612822309729115,21.233536610985762,15.134363887060681,14.571675797579841,15.641198965146156,14.11818199889799,15.94137346385809,18.160390364086567,17.8906890393267,14.703754252910674,11.200188988298745,11.267302023899996,12.11254353455909,13.100501801135351,19.340753164001306,23.83475856171181,15.910962235682868,15.181611806465153,15.049201376557912,13.35059904716158,15.152915347745763,16.203441790268865,16.368155506067797
HOUSEHOLD_1_110_TX_2_evaluation,10.54681601024607,10.651402547627942,11.672941575271086,11.55150198182275,12.37537550597247,15.094898521390423,17.60568840819102,12.951970390554763,10.790223080706369,12.957850680582855,14.410561448520653,14.264583707940794,15.55483912936279,17.855701146628284,15.304610016840659,12.265637222951215,12.75401365465,13.616503818300679,15.13354137959493,19.312827701391125,19.63537752190136,13.87604578025471,13.946190657899615,13.219525569090116,13.009500023513539,13.938643998356161,11.892814891897869,11.41555974492369
HOUSEHOLD_1_110_TX_3_evaluation,21.12968633014887,18.176372525164737,17.70515094379281,17.224461544365365,17.47356258000795,22.31594568966317,25.760242821330973,22.796686506150763,20.808316066482423,19.839292859258133,19.135595513487115,22.209040823277498,21.75285457630823,20.639797448292953,20.814394405021527,14.85048895412438,16.18939712237605,16.71158123784285,20.314973535649976,22.958168567382682,23.806641367791123,22.8658387211895,18.591473415213642,17.642362244313887,18.927117056828955,21.67052074520853,19.7488801685339,18.661497890490296
HOUSEHOLD_1_110_WI_1_evaluation,4.405025044620216,3.989659279928305,4.523203014816134,4.332982432409053,5.276944536174461,8.547873858458933,7.678316998505121,5.451080897649766,6.077920383372308,6.247373066454694,5.8926679437600304,7.434102591382805,8.153438116225438,6.073354365809026,6.567955315207644,5.673081749532018,5.958273292384002,6.278307495447472,6.683081507554703,9.856357764581391,7.9613073792113545,5.0307636642553915,6.457769380951791,6.047011436280525,5.883701156548678,6.432875216772279,5.8358852879708465,4.147842815023051
HOUSEHOLD_1_110_WI_2_evaluation,25.31720000898647,22.903451747986328,23.785866636652777,23.22938727807335,27.30934173645864,28.546906620910647,27.111659524428365,27.833481998191026,26.37223561768458,31.236706296040722,32.4008349145572,36.495282294463316,37.849069099472715,32.00622606472803,33.01447239899846,26.71444093240061,28.437351623649793,23.45703509505618,32.1175126861722,33.680234412985975,26.92974753975797,28.618519035241004,24.278233611870686,26.266353621469843,27.700345448837965,31.303601898286555,29.709440506731692,21.120713461084705
HOUSEHOLD_1_110_WI_3_evaluation,11.686926015650258,9.670647834375186,9.472677787351127,11.288496163008238,11.70561448993781,15.729337158530738,19.077095469717392,13.067398786395355,11.57727017362644,12.699930768080142,12.991170582178126,15.118057109584822,16.504206759154027,16.7986511461539,13.193211406505336,11.8634553214922,13.244883821031145,10.395442440170557,13.832368551914085,15.53854339335511,19.79364072495315,13.628832147974434,12.247656297189486,12.336259646252232,13.55967886475476,14.020954885000712,13.294878842189183,13.495534588119568
FOODS_3_282_CA_1_evaluation,25.266054295368473,18.299597668266653,16.140869952523772,13.465628161046784,15.305797912639157,19.997954618000502,33.01248792962298,26.543569901831052,20.8476610718497,21.522589178129913,23.58552324656029,21.795008591701954,24.28458710337939,31.260554368342014,24.752460264471654,21.70257059004666,19.314407130343145,18.749910161661994,18.556541737395754,23.370307522175924,28.950048997358426,21.046908823024715,16.36697834976386,15.860506412796445,13.810515721141936,14.254901766155857,20.14851833196384,26.169528832886996
FOODS_3_282_CA_2_evaluation,15.032426506035554,14.142254893697903,13.071267774893503,12.691374740471955,13.035242471489864,15.80761120849483,15.78524591100225,11.217130474926188,13.035390409747233,13.607367687498188,13.281026749049953,14.444242227009061,13.438260260466881,15.901133231747593,12.391966065483487,9.318513962453377,10.981671068182298,11.873283163851706,10.614856791341758,14.082186315475932,16.50970473252817,12.315788553713947,11.080838534739762,11.43218264424271,9.389717600284966,10.456532890357245,10.164803627734226,13.38055780528915
FOODS_3_282_CA_3_evaluation,28.45215080542987,24.923105958245117,24.37932217170292,24.893250906391657,21.586700556221125,29.90791913237773,39.98647400662167,37.109053328217755,29.641928190667006,27.909246403131426,32.30572729945176,30.168820127942357,37.78088510458745,46.8121380748798,43.829624129338036,31.915139861028564,32.733159825787574,34.26149775418827,31.924110881248343,43.23054728359465,49.233199117311266,36.753834685795766,30.967981220853947,30.551120421936297,27.491017516382055,26.893800834054215,33.882816045147926,39.47769694516709
FOODS_3_282_CA_4_evaluation,6.205092415599399,5.550190597428406,6.406259560438372,7.067327949968459,6.576449386065867,7.195176701500948,8.612854319492948,7.248769793844933,5.38277062323938,5.030942351757823,5.9995383516711,5.8080406727119955,6.340496265306662,7.4217156263467645,6.512985321074039,5.6506127312429,5.364903581858207,5.4607046364116085,5.85834321743324,6.778128366063242,8.73882112523681,5.76451135456488,5.229005470304327,5.972660849012146,5.878953667679177,6.221105295140172,6.827319780411085,7.336845085884731
FOODS_3_282_TX_1_evaluation,12.853822778876811,11.035504827903576,12.269290874695294,10.832039761179924,11.692756600418603,12.431466984037549,16.139650227117276,11.96354455842548,12.584228596351766,11.374743392639003,11.596485935692453,13.035752880191954,12.599293415299405,15.631072264994328,14.92606697394817,11.281932550047785,12.400537766607966,16.582629288700858,13.065413215448162,18.05040169535106,19.840044954393715,15.71543669576375,12.483165431973537,11.34915147990027,10.672599166587165,11.777414414182328,13.63148868903532,13.397546466966487
FOODS_3_282_TX_2_evaluation,16.717301755855566,13.762524764542322,14.392720747456206,13.273763389876217,11.694206683793075,14.561083059047178,22.112067154371097,18.27790847078384,18.431851743120426,15.988288016138554,19.118672942975703,17.655568195752295,16.42781516564343,22.830465762981802,18.286552094413153,15.16987369590047,16.21660402191077,18.630660625373427,17.18288808188852,19.34269423254844,22.33659802823142,18.194095691240147,16.66211737624024,17.07084905124065,15.570122738551538,15.71014123755905,13.930873002297075,13.055206886860786
FOODS_3_282_TX_3_evaluation,11.996233536135493,9.976683867609577,9.455497982355457,8.925114488402462,10.694109436544602,12.978681534060755,15.86699704154786,13.150656842451701,13.868069641857346,11.976038553741406,12.927377886144225,10.300190415140252,10.013054638514832,13.146711387342728,11.917216185230009,9.465132808725658,9.85381335681069,8.994057312928792,9.6146903438748,11.360126419383144,15.339487112479421,16.00509681872064,15.124461407401615,13.492663292803186,12.432385930061855,10.580513444622936,10.006049563496768,10.437599986610214
FOODS_3_282_WI_1_evaluation,10.205023298996228,8.861486382104648,9.9737497728937,8.737911599005475,9.164459345674498,11.595628013051506,12.28566898065537,8.861786644945905,9.323457294731458,10.47289449213183,10.049738898477594,10.661401909247761,10.3538139931077,12.869832702528091,11.898482028850335,8.915398206583351,8.93576412127661,9.418138956078721,8.299263335281143,13.251535347499788,15.418893153896324,9.920488845363938,9.490574251886784,9.383088891246954,7.276107770841863,8.237099275818599,10.96122505359531,10.571732555290096
FOODS_3_282_WI_2_evaluation,14.228013146534431,15.578144191534678,14.783706500264687,12.463595403514429,15.214025709033589,16.13002494152782,18.802934412510425,15.288985918341009,13.813937570763372,16.224819378354955,18.68022083489958,17.884349592032947,16.554491584807803,19.919893979121294,15.705152905316933,13.676982224695426,16.387147887878342,18.372606723533167,13.161924262916436,19.944936294103798,22.733544364280878,17.330582068698885,16.692881325160457,16.44450599586061,12.470984238643725,11.703325797071136,14.533469833291308,14.996482462798193
FOODS_3_282_WI_3_evaluation,19.75720127766224,15.522568499479995,14.322919331978362,12.580619670061,13.671998600741421,19.335311928755676,28.414387447481857,24.856737715666487,19.162732907829866,21.78403688793421,23.047390308681727,22.76423874352684,22.34652793173014,30.55745602881017,26.360299609847218,21.140873857480525,20.84178404058836,18.860337285229697,15.980172462397189,26.44641756789072,35.00593429416237,22.49362926523418,22.66995463254174,21.215246446770095,16.657994695354255,17.087644163230223,20.907549491853196,28.31269527437443
FOODS_3_288_CA_1_evaluation,14.265468358365789,13.736699523911513,13.142786791900683,13.823889218827095,13.659644398078733,20.365585024436072,20.799861068255137,13.27281632981204,13.648221855124643,16.05222693551115,13.92532176835733,16.864916697459357,17.0362051302659,18.73085678301598,13.693163369917027,9.6977011350729,10.065972405252538,11.754581349217617,10.307314072431804,14.524973823068732,16.391846986431236,8.989634211870976,7.707058528137238,8.107459204809954,6.549790216881437,7.841049465614477,12.446691684420166,10.446028246595528
FOODS_3_288_CA_2_evaluation,27.291431882714267,23.153625017374186,24.49241177879663,22.959625580649192,30.370532295479343,45.0880378153931,44.58695191025044,28.303152079505224,25.257601537258417,23.566681172376455,30.01618872718061,31.745549095961294,39.240251196567925,47.490062227233274,24.900122669750644,21.59997276162581,22.879813361194035,28.003448534368705,27.36384656004606,36.809028043387116,41.68045665163655,19.30976920709655,17.146417879939094,18.782879471147172,18.357356904992233,20.682731358829933,35.28858149256477,39.27251854523424
FOODS_3_288_CA_3_evaluation,31.217036917500028,36.55931137325121,38.83125272332068,32.47427178802818,33.41968783599814,45.712889827623286,45.27321357066213,41.377270701583534,34.17547709636074,32.32887841694232,32.45434314555528,32.37526967311106,39.743645393625705,45.4414313855457,27.84953938312418,24.387649671250106,27.473226088140816,27.611355220430493,30.22029003230936,43.96769747088103,43.35359077359052,24.60873798012958,21.644515849400925,22.85576621821193,24.110948220543825,25.395720332129077,27.586811070983924,28.139798302428918
FOODS_3_288_CA_4_evaluation,7.437230333055384,7.322869349484512,7.866709122376061,8.601687648615071,10.71853456527523,10.752834412778151,9.200051983369965,6.829949362377968,6.755659867887808,8.137092079600357,8.304091805875121,7.180487716710223,8.23751312289643,7.909099088014965,7.576023755372798,5.779081337905108,5.845456359327426,6.104261820152169,5.723156567008633,7.403777646151614,7.735485663306981,4.784255973469025,4.612766392755772,4.767513679542807,4.703845364292254,5.352972780124818,8.654800805117214,6.566374147399566
FOODS_3_288_TX_1_evaluation,6.992560301832212,7.315285483927799,6.889137737536574,7.462503117789523,8.324793895918106,8.571418708842367,10.525670168068325,8.661465514195829,9.06153254851465,7.13281224045191,8.83470272275425,9.81700067673793,7.930561813629726,11.356617600449086,8.404008493149808,8.026202708091859,7.924060606110975,8.897588359198066,7.074603623987738,11.516557720050704,9.74152905566471,5.767573226152583,5.394031933633582,5.274162327171454,5.213653119891238,5.766926064115122,9.658290267300474,8.687899580853044
FOODS_3_288_TX_2_evaluation,8.397751795892887,8.610855872914499,8.00698642727174,8.14088803182402,9.769930531401926,11.388567786165092,11.056131980749232,7.360867518694608,8.154603699162411,8.171006808996129,9.759504515138325,13.121187422427397,9.528728403137682,12.274546290555854,8.84787677370501,7.276244304609489,9.277582367718951,9.406860960628691,10.431924136693535,12.378760698366136,13.389490696262662,6.221785402061758,5.672536133086599,7.001286387109884,5.7370817335386,6.967372329158453,11.15194776407396,9.848467641439003
FOODS_3_288_TX_3_evaluation,6.530582513363874,5.830930664995413,5.017343758584134,4.995544357934491,6.724952377144166,5.7657110069329915,7.943127969095052,7.507610235730002,7.356059252537785,7.851166665621989,8.570093059506442,8.232813244405937,6.681277787428497,7.982065137942598,8.932960461574417,5.680348803649715,5.176495688222714,6.564338196304994,4.662887137505077,7.287535662575201,7.68439157568532,4.588062293527841,4.993410579847777,5.837600264198805,4.341574119527263,3.976473058681747,7.473650144501281,6.846471026081886
FOODS_3_288_WI_1_evaluation,5.423063301057167,5.219599253669118,5.343663720249719,6.180326033454249,8.398639288653033,8.483506324864496,8.01618820153687,6.612627906574615,7.1568547409843495,7.663115525925273,8.977706926454953,11.316771089761875,9.567107837674879,9.613621753181448,6.636998249723545,6.455950731618641,6.946707636920403,8.28404276042061,7.728522170342691,10.205688995484461,12.094998814868735,6.464332719280058,7.139408360992425,8.59541234605037,7.57399533157793,7.359570280008504,8.409020524165815,7.3105008528052
FOODS_3_288_WI_2_evaluation,8.516254361193058,7.409576000344711,8.688118180388603,8.490614170994242,10.122076987892092,8.875886331453657,8.406655614810262,8.801747773046062,8.696088297726897,8.536170663656646,12.28893529004092,13.207406271952284,11.007092241756487,12.10001423430235,12.018640928318176,7.433438910237632,9.888105773677754,12.493908371633015,10.30833119974628,13.956187366446903,15.754223926440748,9.315591993718083,9.442858444883074,11.563395872983927,8.584235750936363,9.005015272768103,12.385541435693964,10.041935809904626
FOODS_3_288_WI_3_evaluation,7.0575773560330886,6.0291020509659665,5.849201468709136,6.252898400475467,8.228147021389468,10.220196843967843,9.458159647509493,7.350262275891379,8.19125746934141,9.049559343634263,10.83234790503656,10.664915501818127,10.141102137829778,13.699456711511507,9.300413794604014,8.440456873181214,11.204583120749529,12.147561925095184,10.97790417976093,12.69435444930386,12.667559014401208,8.88262540246704,8.607780268786014,8.413479352379765,7.326596636873768,7.299579819722512,7.80282587913975,8.899435291885522
FOODS_3_329_CA_1_evaluation,11.724634913103337,9.819461605287994,9.858690805312186,7.849161852229237,8.43061157588675,9.793284316024362,12.657962246697226,10.682908283031354,8.339620494363945,9.57878626902272,12.26798166657725,12.478173618336488,11.265538203470959,16.148889436626774,12.391627642118374,10.489446003781632,10.228062475663739,10.93780853960042,12.004696288852262,15.767326363570081,18.199806042821486,11.42924986117273,12.485148196695272,13.938252262006296,10.730545240761078,11.138636383668935,18.622023245980376,19.45955773210513
FOODS_3_329_CA_2_evaluation,13.210752068250194,10.404776764183536,11.439090610980584,9.429608523157919,11.136073593473677,14.456038790820065,16.530406896509064,11.715011563010494,10.777667348856417,11.671511955970383,11.766789737641506,13.086131834703147,14.287471901444652,19.670870288066716,14.126733431746672,9.980431227417736,11.777835745368346,11.287076228273532,11.205902973052842,16.550422466640256,17.68823094001811,12.762810107902117,11.330455513177967,14.112990082808455,10.204416459509066,11.247941851096012,15.500880590411125,16.230910062023515
FOODS_3_329_CA_3_evaluation,23.985349801204205,21.504547738829274,18.62659765820386,18.71503469617827,17.063078106193903,21.900034607065454,25.145193091894825,31.03898825277394,19.362258816617434,27.334163062541503,27.606019528402282,28.71515313987555,25.476173929749176,30.012917158126463,28.926547977941187,27.99997996091547,23.6269454791198,24.424740141794917,22.283621510826883,25.71878523267637,31.46689949341544,23.757219767488962,21.23522773162341,23.21725426832006,21.440593750857065,18.116133604042474,24.215169478646843,25.51145944875189
FOODS_3_329_CA_4_evaluation,6.282468856959597,4.560853588429448,9.334929003423538,6.238592319400835,6.515910883655408,7.357549621994685,8.84676483054284,7.851243964839458,6.742908964838832,7.660538150040451,7.627995879161931,6.918371584515363,6.152610454932693,8.360493253817342,7.2329378595489775,7.480510167962754,6.996079023236304,6.876970205732987,5.94166942626115,8.346785486530255,9.238834184252484,7.362785776329354,7.190981405406365,8.723023674834094,6.994837114013394,5.096697868462749,7.178264722899753,8.032352197178021
FOODS_3_329_TX_1_evaluation,12.21215947705832,10.592038047515501,9.647580208973102,10.081674638408876,11.359609225824938,12.388034947046872,13.662945621798997,9.860758894747324,8.680450849541922,11.692636454073144,9.706027501508304,11.977532448916033,12.817671889417342,15.033277787240241,10.231991357322526,8.821047947004457,9.722030429367164,10.182495577082552,8.888262881056482,13.823699028813428,15.803784169550717,12.115527764403009,10.242820998402902,12.641563578624577,10.257455657085929,9.97216593934014,11.740653383167166,13.298019876458087
FOODS_3_329_TX_2_evaluation,16.68938844809126,13.408025389898356,13.278475073179294,15.15534133886864,15.22708321771481,16.42349642803873,24.21945869476644,17.627194939293382,14.46185969606709,17.86778569598437,16.33827478300707,17.75020149264231,19.72018657160171,26.471957452262032,19.029765231157842,17.3937247691517,15.477641814746757,16.740968258939645,17.175318736460934,20.189084952782057,28.953038062080044,18.152437005047624,13.914799691916292,16.164681033646193,16.447167255190713,15.821435428037638,12.453705561079888,18.845716110344767
FOODS_3_329_TX_3_evaluation,9.945805192635992,8.364375922092373,7.458455025273856,6.45795041433679,5.980339994117345,7.650032390403349,9.06508154958513,7.928600011161481,6.072891918179725,6.390895061460395,8.25443280264134,8.249306400781675,6.703971204618332,9.382313080642296,8.342219685614358,8.22436782749767,6.027633227574378,8.140879694713615,7.551314308914145,11.515282244016127,10.675970661384584,7.8736360771437885,6.645782523171516,8.161143445388861,8.031116250843036,7.3551741999571165,9.246413983342718,8.827362395306247
FOODS_3_329_WI_1_evaluation,9.885024626183961,8.7861886337882,8.535671133688956,7.481661931090904,9.606516530332593,10.936516010082862,14.017674189968169,10.562150759706224,9.877378809426373,10.745108663424864,9.852365456512103,10.514887322495492,11.82281342974156,14.580551210507338,9.771735954687433,8.256397384005117,8.48098899533247,9.161800977496835,9.081313469748446,12.126659868266286,13.897990948712302,10.202985097295104,10.002888420167778,11.66016497016564,8.506398129862736,11.148005602892647,11.032662713703196,10.916774209447427
FOODS_3_329_WI_2_evaluation,12.833103754325808,11.392918650421187,11.889073531332128,12.289214276653578,12.684982067431237,12.979543930627582,13.934068506493585,10.997375799439556,9.986729862105976,10.908539874960166,13.03241767360271,13.121231202534194,13.591763014165808,17.886949566428363,17.70506288901426,12.668921600477566,16.39119509749161,18.212089394073917,13.321475822756556,22.165319639397406,24.217868215568334,15.391117247951684,17.172725870409735,20.30685602934305,14.33096940931965,14.327166115423728,16.628302218392477,16.801346351455546
FOODS_3_329_WI_3_evaluation,12.516179445657345,13.578048422883747,13.087653474267157,12.98168090198111,10.611009125814292,14.03619804510623,16.602450381125067,14.05946020928549,12.522850995521592,14.514791194232762,17.633548259557198,20.520937753522844,18.927414176673533,25.275013871559192,22.01384241146477,17.100189472442903,18.398754133779633,17.816404507485036,15.25089572667312,24.767449825572925,27.37399374858798,20.91126141277775,22.10799224625027,20.98772888018222,17.40748371484541,16.710558586017864,18.0043735661961,20.307796022061794
FOODS_3_362_CA_1_evaluation,13.142915064828422,10.293059100881164,10.015808893793762,11.11722661431635,8.650356734229653,11.049491984827881,12.09728392706834,6.267069039303181,6.179307310323843,3.9751429930734283,3.8888800681077997,3.12911519193498,3.258150726926528,3.7157493494633838,2.1315924943115516,2.4724129689927796,1.7794698153806483,1.9010682865601682,1.2747206488692846,1.454501284121026,9.023063572462984,8.272889546522002,6.750790741551523,9.320304855513204,7.853058679422899,9.972707942980842,15.518028241775298,13.205193311245008
FOODS_3_362_CA_2_evaluation,11.916018141107573,9.453979403999698,8.425139223950733,8.986804065990762,7.8990095146598325,7.887058791153275,8.4902462443427,5.621775379197665,3.727896123565123,2.5735531248203523,2.726912051362271,2.4925427000816383,2.841852334365792,2.7696883938685004,2.127015676383379,2.1034223532211223,1.637305021094917,1.6335901256641212,1.2105170834423757,1.6898923518913354,8.856651456363961,8.020163347495155,6.941333046436777,7.9702001284406965,9.199167168639246,11.693899724000296,15.671652714381604,15.287851621250617
FOODS_3_362_CA_3_evaluation,17.33745327791009,15.199974598367039,14.441254861919026,16.355278115071968,15.413196626594619,19.463995257696336,22.290747309026642,22.815366707109177,18.54634107635824,19.551881167303442,18.162719509049488,16.516313663788306,19.804968822569478,21.634791541802624,14.525855726084005,13.602465624941098,12.216549603272993,12.296987887239764,11.416194749188637,13.08127399855651,26.69999990922204,26.350280149687677,22.288241057672682,22.986875931705093,24.902120626635618,27.22129599248987,23.919882764739867,22.419644345247132
FOODS_3_362_CA_4_evaluation,7.080890791372281,6.265098797420317,6.5165137768365415,5.567235024619494,5.066185273524228,5.111461262358019,6.961940483632444,4.4468850745737925,4.781260991792231,3.18589346990771,2.312286255738677,1.9210413734507041,2.3989738876295252,2.8310413322386148,1.7743519652718973,1.6909005421289278,1.3610110228475092,0.5779152342400138,0.49338231244153546,0.7762314384329949,9.045707099934683,5.084218955475559,5.629297511028321,6.0836517870309805,6.41493892679822,6.530920783772628,6.226053918675987,7.120949852811784
FOODS_3_362_TX_1_evaluation,4.805529849232999,4.785903970962222,4.923600310587986,4.963224110678579,3.7458278695864378,4.603323036521248,5.807526060278746,4.578078971652977,4.060690793942907,3.2824495917975396,1.8686731621888004,1.5887959976057657,1.8434682579855708,1.868172038662129,1.4297437533874753,1.4973422248545871,1.1924447960467002,0.7721892931994736,0.48614171134166684,0.7446647502097221,2.7119496249734407,1.8075949782121121,2.0827852836870413,2.8120240003397377,3.784368053486273,3.5631536509718855,4.858819357077859,5.86855692333645
FOODS_3_362_TX_2_evaluation,11.175175870529577,8.561405578999649,8.723910526476185,8.326897824026736,7.702471307143578,7.849912352355755,8.491076925280248,5.423805350178624,3.805288493177211,2.8959085010686656,2.308690419379561,1.9696338111666918,2.0270766607996613,2.21144276828162,1.7389641239921103,1.8696410446730802,1.1858874759885267,0.7593832097032015,0.4712978362647031,0.7284263571654385,9.549150048894989,9.936863517067184,7.086765872389654,9.267226741944944,9.222496805414579,8.204487089466145,13.450712769194864,11.452141545538128
FOODS_3_362_TX_3_evaluation,7.070414561679847,5.855608366704209,5.146137279749786,4.883076707762855,4.793208797235671,4.773546345532992,5.711202759420865,4.360220810472072,3.9071744108314093,2.2837513187678624,1.6514567855602895,1.1926792080672013,1.2177649871556837,1.325673130244406,1.0164045391524026,1.1288125749159124,0.7696233243972401,0.8346216465817892,0.7135053604237758,1.2405717354919752,6.04138754029006,5.1075204467737905,4.783176312295556,5.112078399383915,4.107295953103531,4.677629367902572,7.254136943854208,7.250633711645031
FOODS_3_362_WI_1_evaluation,6.9245834417214445,5.763777277950571,5.027711054378891,5.630684370932529,4.699574216221206,6.442815090775299,6.273350307681385,4.383581079587868,4.160123018379109,2.7365411083339395,1.6807628809713124,1.42140663464893,1.6359719694782673,1.3068567707680183,0.9842013370624215,1.2774105294876905,0.8309892181347289,0.593372766542668,0.46639900909365106,0.7217903614136097,6.714904573666367,4.93935415156615,4.011551029755966,4.525679022269932,5.502399700986119,5.959410866880822,7.502872659668897,7.289366967176273
FOODS_3_362_WI_2_evaluation,10.842201278621497,10.310590966254562,9.48013254555068,9.83265662369619,10.646884929249396,10.779166069023784,12.592659807882088,7.258790833302253,7.097005108601984,5.491297136712968,3.5820817095533664,3.7075617866961004,3.8282320036096458,4.26393994499651,2.4726020984385677,2.2579290857760674,1.7170970970362887,1.7051692095917632,1.006482345026937,1.622427544611424,9.615985480243946,9.568599113509835,9.731284657320396,10.056789833409045,9.22952414275593,12.939404176345967,14.068976664333265,14.377885292910404
FOODS_3_362_WI_3_evaluation,8.416912440220148,6.633347688001589,6.015273437247777,6.271341877896427,5.930053889332946,6.403353756478468,7.181344583817484,5.403215639358152,3.3521654539869767,3.0016281810340217,1.7356389979001694,1.7326641571928714,1.809860942455732,1.960262558762452,1.5271184984549213,1.3676749497325085,0.97261118978669,0.5836102766160056,0.4689605506598676,0.9036020409258793,9.307904941984722,8.131566075030387,7.076097632531917,7.640173841894077,7.48409800519015,9.045826152342363,10.804831444069972,8.440607365863473
FOODS_3_499_CA_1_evaluation,14.147582916128487,11.186779978408662,12.481632491454272,13.187860305788536,13.219670275468797,13.44478180171595,16.64670744437464,11.911950174077106,12.38133060829587,14.069652919289963,14.463028916998667,12.03507098534982,13.673937116695901,16.355980938527132,12.916537073250977,9.540562293164252,13.051911395381198,11.48103720886868,10.525661071932491,14.240642947405048,16.206957397960807,15.577870030415209,12.404626310721232,15.526309701621186,14.247956956141218,15.025446869584416,16.143212492614314,12.932064796648095
FOODS_3_499_CA_2_evaluation,14.129430958384512,11.298035900622924,9.928464939862065,9.219737399910347,9.093308045046827,11.73583913703204,12.741097764364604,9.171845390623485,9.162283646332098,9.86037796292235,8.668452283492162,9.313452594595677,7.199510118193792,8.555510008833958,9.301802034852724,7.726957883923175,8.26341500369377,8.679973150707527,8.791386080198341,11.152403671936796,11.6205367940686,7.916032123493059,6.860538729789369,7.650743256338075,6.6985057424426575,8.962111778914648,15.31486133709435,16.291770096369188
FOODS_3_499_CA_3_evaluation,25.477869299738536,17.974289173311725,16.547096345379053,16.3721033508963,16.018094619932057,17.829369096576098,25.167306204836017,21.920374895128678,16.945276880460643,21.945252082384386,20.84937167252701,23.379565622011654,24.572755940218833,27.939155658215448,27.695757693219445,21.15929178722496,22.559970061006158,21.579378461677788,19.937172233041462,27.82650545449224,31.07075041493174,23.738106741003392,18.697035132171035,20.079804588813573,16.4630617843858,18.540553498780337,20.41655642499529,24.574228394747966
FOODS_3_499_CA_4_evaluation,4.416285208432758,4.62180267135479,4.860508183855303,3.9558124593144703,3.6730771585290163,4.289417722885354,5.149503270079391,6.6919698365823574,5.202565326605435,5.604651762453986,5.879398754016372,6.136090964144619,6.5209106647502635,8.33041506753982,6.6929987618476074,4.876161568131633,4.950832184483204,4.938398519288106,4.267622064632968,6.073141379239299,6.770497017985931,6.128883744754835,6.60023280190914,6.499904143457239,5.2041912481851025,5.507114027133526,5.459334692170254,5.134046094963826
FOODS_3_499_TX_1_evaluation,9.644604435763226,8.625568121183921,8.80984636262289,7.379863646667325,7.818693302099871,9.751546145926373,9.632415753162327,8.939777736060595,8.057971361299053,8.125717097429508,9.336763499861304,10.294845332535163,9.854256932981018,9.68649364999251,9.174700776906509,7.849877203047457,7.181319862883968,8.45745078834906,8.507758442672646,10.456988598639859,10.806302460072404,8.86048796322196,7.758835698610215,7.881992169103607,8.598985565659664,8.567466406574807,9.150701948735701,7.394449323290183
FOODS_3_499_TX_2_evaluation,13.4484912391224,10.635997302796017,9.40677291104812,11.203721950284352,10.795510610647362,11.839045410260116,16.556079913876474,14.453088735404519,12.104310415429783,12.131695425143525,9.937883788887074,11.447891385817934,12.13094218691636,14.840487114145601,13.031209703467368,9.042127486060778,10.281409578346414,8.966722258761783,10.534245426224865,11.844618843381397,17.962994901226857,14.206470585678359,12.04230320912523,13.326453893638469,11.582138322616666,11.296561982985148,15.036723578981649,15.735852243858064
FOODS_3_499_TX_3_evaluation,10.780302602009307,10.731767227572831,10.00027754977228,9.190599598204749,9.675512123505143,9.908172974486076,10.451862926157544,10.722814388398358,9.800027276520991,10.262870933007939,10.551535765890266,10.430050857783986,9.047012315561062,11.624769813985695,13.098222633964893,10.193546945165211,9.228692343593575,10.223092172581639,9.169506009760545,9.91248746769454,13.797986629021734,12.859735150436933,10.627319064512893,11.045067415861345,9.168484520280456,9.610332629853053,11.09993742669959,11.20838051302402
FOODS_3_499_WI_1_evaluation,5.621454330155711,4.811490932101177,4.011372855399089,3.9526217837352324,4.3708683308627325,7.069202278955986,8.243167249857262,5.769320488155825,4.5759942009405155,4.286155415450687,5.667494886774871,5.109280297119875,7.0190122978941645,8.445951501708127,5.996782432701898,4.606981674307665,4.603902920419134,4.169843662993722,4.8062481335719305,6.387376564518829,7.246139177810632,6.155799856611721,5.392763000719373,6.373509416006245,5.374260431579699,4.36795322384804,6.063274654007789,6.333910169932866
FOODS_3_499_WI_2_evaluation,8.447506674493034,6.770700244438161,5.751775187604855,5.998954119818883,6.115692144342352,7.281113011660564,8.209830793695778,8.86208549903233,7.996704036595623,7.83417102322677,8.842894366452708,8.307261507412935,7.016320944515541,8.645161435621413,8.130050654094385,6.799438296880616,7.435401624035268,6.8744774156932245,8.626079963409166,9.662857698772946,10.548964731889093,9.288180640834454,7.378420758783927,8.119939103053671,7.163770093990103,7.30813012455043,10.335158054670062,9.298708816478639
FOODS_3_499_WI_3_evaluation,5.5564444135781175,5.210785679388526,5.423479161963565,5.420788888698792,5.861165917242922,6.158034436961815,7.099245678726013,6.185196733271822,5.036433240755694,5.656956214905482,6.580783357913747,6.010199641869395,6.9915572228103136,6.341233980386629,6.261030202865582,6.144976588917422,6.195953990497823,6.8205023972084495,6.247599391857735,7.971740426736765,9.978450425489251,7.296579205950473,5.864339950422126,6.597095335145189,6.160289943860171,6.253526069188506,8.39340091135079,7.681567682281764
FOODS_3_607_CA_1_evaluation,14.428946326749385,11.323076121662053,9.446817312670547,10.769205423161985,12.228169364076853,15.827166130414177,22.3788659269866,13.698934208810504,10.408987726163232,10.905464701857179,12.661800964552087,13.366919043429437,15.226469561733971,23.279839402019263,15.886473018548786,12.24471224661768,11.720849913954343,12.408631062793619,11.927877464218266,16.78667554140564,21.980665222496746,13.192678937374431,11.412703265309856,13.45456119859767,9.98616890885508,11.01420635703788,15.550334435348487,17.883794101922092
FOODS_3_607_CA_2_evaluation,6.426245707340982,5.181895247339172,5.806613271774733,5.185558352566604,5.897776313261767,10.970440535097211,14.666508420273205,6.658846609051422,5.824063302258653,6.5851554611843275,8.55804937619764,8.05196231853321,12.20352337407512,13.125631083152065,7.680370158359092,5.066323400865985,6.337977281646688,6.001126534047544,6.598205221963209,12.111621451953239,12.651731303046633,6.328217579453953,6.752096759368062,7.899578963067348,6.196515503967451,7.851829261364462,10.478146864982312,10.969867669352684
FOODS_3_607_CA_3_evaluation,14.010387975859224,11.343664447479231,9.955415061551886,10.776198400205304,12.551544264474353,13.741291709420635,17.67083760828692,12.767613284776381,11.429516639696597,13.852701807016253,14.521828272352723,17.273604518990314,18.181592799083965,24.704506524589142,17.09298072493143,12.348656588123207,14.490015618250393,15.82470097463521,14.938486128427018,20.02705261421266,20.37540972648365,15.22806315278673,13.33106276944052,12.678766859140616,10.805864079953382,13.030989863631133,15.316216183925297,18.383702254543554
FOODS_3_607_CA_4_evaluation,4.608055791566821,3.542538236343427,3.4810061462531108,3.851212998040008,3.876235256049023,5.522104004480738,6.895433608748153,5.908752430927792,4.979033422656798,6.193218303491927,5.913871698938158,6.781592182486134,7.63583339782098,8.108481955964512,7.054380241682528,5.945957748395414,5.911432793670817,7.026847726493145,5.807721926007915,9.383987465810927,11.156920318076784,6.389800608107813,7.3640084264663415,6.762166041719753,7.179238265334444,7.312605504053808,6.286248080445064,4.805270241180924
FOODS_3_607_TX_1_evaluation,11.116040479261464,11.165279323285654,10.533018032969716,9.281259659648459,10.894858782550696,15.90082191955768,18.893101424663847,13.265672516928827,11.130825273273164,12.00785340773702,11.49348624966562,13.603111985752852,15.130278019504493,19.15984018337369,13.188482533126354,12.696741766348376,10.812428339426322,12.208079542341249,10.333542209185577,18.413501947310223,18.190741890040464,11.621139412521101,10.603207569622784,13.47173873196006,10.093521655382794,10.024221101549484,15.874105144070603,13.693123767723513
FOODS_3_607_TX_2_evaluation,12.010816780468968,10.33396219522581,11.031491885908181,11.271376998652842,11.4982194427172,14.783543816721046,16.213431247978615,13.23530399697525,11.709687663560652,11.244055296508163,12.408821146559456,13.640976309026543,13.240450758894534,19.200821238650672,12.602174072711698,10.019612808847652,10.372455248477532,10.87640984181774,9.554140489685837,15.971014757600832,19.200328655813635,10.065728167687505,9.40208848257002,12.525678160963265,8.461067268993558,9.233577970520852,16.979373142826912,15.854022810092072
FOODS_3_607_TX_3_evaluation,11.397676253435645,10.638330970253005,11.889032641609386,13.010180402956532,11.912338240851927,15.032867451157442,17.43913168633298,13.462481211993248,12.603614687418258,12.119160572827647,11.849954990694787,13.702288615196595,12.137299684747095,16.38543437587792,13.122602294479627,9.46070821941176,10.362174240311539,11.13685534883613,11.010970198302592,16.551591290402072,17.688378140599937,10.42530047432657,9.135926363626975,11.552331917866104,8.813294547532713,9.262065544286084,14.354631074868564,13.4414429043468
FOODS_3_607_WI_1_evaluation,1.476470395308388,1.2418816742724406,1.7267463140836001,1.8368206449144289,2.01711965549631,2.3485536879034665,2.653979161892545,2.1304184796029437,1.3866221073693275,2.231991901785215,3.0818756071167233,2.9503388752312563,3.09128865945078,3.0522418462871603,2.395467673551934,1.7932017975351664,1.6972065587763243,1.833785903611597,1.8876345064855224,2.2253069210538494,3.0111236243920514,1.4318623389749021,1.3129059323824301,1.737289341569636,1.7593432110447542,1.2587282502970045,1.9925076712864458,2.6895961474374737
FOODS_3_607_WI_2_evaluation,2.9421046045443724,2.812051730638233,3.617832687451197,3.654225352619253,3.0533864689471004,3.886361784129136,4.75779674768297,4.253735808225326,3.0934495150759758,3.3554803276762337,5.664650287742553,4.785151583876551,4.8211667183007,7.5597555790552144,4.766957235754394,3.550326598776967,4.077430058515245,4.384484851507108,3.6643302730675456,6.745351000511986,7.360971761170997,4.203811118671709,5.385684951033812,5.953575118265751,5.879666258460003,6.646170152535257,6.115422291132975,6.266816557129625
FOODS_3_607_WI_3_evaluation,7.213882884075104,6.614947870799249,8.181602105519435,7.3780935971538835,8.88169831334177,10.830933723223199,11.26031760986935,8.556410637996668,6.557991376734596,7.73504737542746,11.161558341475347,11.754948457841943,13.426368849777324,17.79822866584479,10.988413948311177,9.498289026472186,12.682263474085465,12.591025559698982,12.058227434841788,16.111323006878234,16.691204679224473,11.720708552906382,9.84747477149543,10.140158092962368,9.787890058153513,9.068711232503572,12.207620977183355,11.267005208261526
FOODS_3_739_CA_1_evaluation,12.115037142234248,12.562259702354286,11.761113555785226,12.223769612239392,11.921376838709268,12.869407978981132,15.211479480986927,11.07675095722635,10.726822295935904,12.046689658666095,10.785864530290189,15.279789327255003,13.07011126688171,13.80966722075461,10.47976064724822,7.8118472801869325,9.039460127123732,12.576179375194197,11.19770409305565,13.711328900665654,14.776510529230181,7.725439097725319,5.876399065769291,6.944120308130798,6.583265853326366,7.679450380812508,11.041278309471227,11.100894636807602
FOODS_3_739_CA_2_evaluation,14.872210767706317,13.968276216788285,14.396238164182455,12.646901941666677,14.975344301501966,21.946888020444657,23.094026434225555,22.394298355830603,18.397332911993644,17.64734112833429,21.700067018135798,19.037930492157532,28.637848297203956,26.878419584458758,21.037193334724623,15.364000817612766,16.335320986973485,18.976523897715325,21.580817460958656,21.10729993049221,26.142806725015728,12.139078891292584,11.180034913398401,13.007293481135548,12.243109765473719,14.772376672198561,24.146256365569293,24.611180026250313
FOODS_3_739_CA_3_evaluation,24.058110205022334,21.520069795356996,19.16006854167541,19.540311326105936,19.566740904495752,24.688715553074733,21.71069639036901,19.075094025009182,23.1370567968139,18.95174694923076,27.100265887680873,22.23123238439728,21.81066567926307,24.070228452979237,17.598661511066105,16.344880902386514,17.093764018683228,20.830000894652702,18.181188641131655,20.518994303592958,23.242511271766748,14.90255504080774,15.812279141893583,15.329842179547715,15.466177679622215,17.59774019796915,21.771282200164954,17.605422049426444
FOODS_3_739_CA_4_evaluation,6.518886861788972,6.260267494649649,7.276123372414318,7.258432077737396,7.310501108514558,8.32568541141979,8.553883256826788,5.721883127291375,5.822215879529093,7.3944287918262965,7.260974783213154,7.7739483102947045,8.059245461069857,9.856752385117769,7.4951742443169405,5.349310416092781,5.551547316233872,7.492536839061694,8.537640694130992,9.728374137541431,8.802377468777241,5.880347339590449,5.760494863235657,5.546086947706602,4.192102072052916,4.956236533139241,8.686524448758417,6.253399337732046
FOODS_3_739_TX_1_evaluation,8.316613152973314,8.30526623794248,7.706851334368765,8.17772159482954,9.703631184041745,11.99498813763158,12.956197979160981,9.673348951785046,10.230629553993134,8.8546151287098,11.095177002310313,13.058351149138486,12.20422925339712,12.757925667322693,8.536960110356505,5.803908031110936,6.071378842031977,6.595850199242046,6.526968259840474,8.51165835029683,9.420638153415494,4.7528659096549335,3.6059349794531776,4.755289520884232,3.866013515481728,5.1773910040101185,11.553810953225879,10.310845884630643
FOODS_3_739_TX_2_evaluation,6.614324942720728,5.909689811969303,5.357818636242337,4.972695092906446,5.120845596389639,7.708951639168778,6.877106153273093,6.104616447190577,5.8392876920545564,9.210813381016516,8.94168247688619,12.778006698684248,9.622334559071591,9.886216714585505,8.379667343786387,6.788821141918347,7.982925709445288,8.718159204669309,6.685693164822854,8.9841083341582,8.68597725769067,5.794211928394962,4.849807202095647,4.992349368989937,4.311425873111676,4.997532688890036,6.420325811369922,5.650017923506103
FOODS_3_739_TX_3_evaluation,3.5779341407689538,2.3524012581877045,2.8406552825412197,3.4582310867097408,3.8085529146176222,3.81007562430326,4.765300901783724,3.8166723474807736,3.60871904282489,4.566357099768106,4.365587540855366,4.543428842070092,3.2146204198071247,4.5424836888853655,3.9775815624811766,2.8125672644549877,3.1499741980115292,3.9289841367707146,2.932008033546216,3.7130280443484627,4.757487696215604,2.9472364683450536,2.143333485270346,2.633586026775015,2.371035773849592,2.737214086169179,3.8460915055855796,3.9249018002144904
FOODS_3_739_WI_1_evaluation,6.035707028695112,5.875414372820609,6.0024033820236085,6.636278451878809,7.636343977292411,8.669301225639863,9.521659663204987,7.132255117599725,6.84509035824495,7.881811266739364,9.297434359488534,11.002677054790786,8.873190615832252,12.201720588464935,10.22556989523365,5.730090671066928,6.535873048029339,7.641776024609981,8.664011210936927,9.804098767298198,11.223325476209023,7.147848536242413,7.716689486997148,6.902639046702668,7.1074015861366675,7.852588242323682,10.245739913078545,9.707846151398249
FOODS_3_739_WI_2_evaluation,2.778938144382006,2.5394711066039535,2.2612742766368346,2.3681621636973236,2.928517528391022,3.229523290077112,3.5167052392837124,3.338901990056787,3.0022134758561183,5.011269246583648,5.376246402479115,5.813970216944184,4.462773630230376,4.953208836088769,4.891894110723705,3.8748479968345446,3.898318932769197,3.964945700471889,4.241854756066231,4.825213929092625,5.597040069314571,3.696458736074371,3.344039632428284,3.7098219477406102,2.957479705406586,3.307706240104234,5.043909686822772,4.123220461742708
FOODS_3_739_WI_3_evaluation,6.209027593348281,4.947946422395078,4.714940119500422,5.263827223723748,6.090692783229358,6.85585627690187,8.380549165493516,5.742060157233161,6.168845743688793,8.444575297929369,8.749794086431642,10.89090652399464,9.895399744256993,11.55985176944784,9.006480725993113,6.821612866999435,9.229067322610337,8.854918906770937,8.837823525201657,12.005297341713227,12.49621922353038,8.452778004078548,8.005870320273253,8.293602418344108,7.230078068663805,8.898585218606028,8.660531113750254,8.367447586045
